created_at,description,entities,id,location,name,profile_image_url,public_metrics,username,withheld
2009-02-25T16:38:24.000Z,De Tweede Kamer is niet bedoeld voor kadaverdiscipline. Elke stem is vrij. Dat een coalitie van 4 partijen telkens stemt als Ã©Ã©n kartel is pure staatsterreur!,"{'url': {'urls': [{'display_url': 'waarheid911.nl', 'end': 23, 'expanded_url': 'http://waarheid911.nl', 'start': 0, 'url': 'https://t.co/YNXkizl0w8'}]}}",21884690,"Amsterdam, NL - @W911",Frank Ho,https://pbs.twimg.com/profile_images/1487845840735588358/kp6gKn_q_normal.jpg,"{'followers_count': 1836, 'following_count': 205, 'listed_count': 31, 'tweet_count': 43505}",Holavista,
2012-12-31T17:17:24.000Z,habeas corpus (1215),,1050792505,Konstantinopolis/Ayasofya MÃ¼ze,!Gintaras Mindaugovich StauÄÄ—!,https://pbs.twimg.com/profile_images/1523799224915316738/DoMJ8Yew_normal.jpg,"{'followers_count': 409, 'following_count': 4048, 'listed_count': 0, 'tweet_count': 22325}",siyahrus,
2022-03-26T23:10:57.000Z,Tenaz,,1507857571398389761,"Asuncion, Paraguay",Tukumero Medina Verdun,https://pbs.twimg.com/profile_images/1507863201437814786/ZGQYDJtd_normal.jpg,"{'followers_count': 3, 'following_count': 308, 'listed_count': 0, 'tweet_count': 60}",tukumero,
2009-07-27T05:10:22.000Z,,,60496486,"Denver, CO USA",Edriss Kironde,https://pbs.twimg.com/profile_images/3246836244/1ae58ee0551302eb8c6b3596550ea37c_normal.jpeg,"{'followers_count': 569, 'following_count': 623, 'listed_count': 1, 'tweet_count': 1432}",edkay4u,
2021-11-06T11:05:49.000Z,,,1456940806099517440,,WTF Is Going On?,https://abs.twimg.com/sticky/default_profile_images/default_profile_normal.png,"{'followers_count': 10, 'following_count': 17, 'listed_count': 0, 'tweet_count': 1377}",WTFIsGo47562610,
2015-06-12T09:57:54.000Z,Let's hold onto facts and what we got,,3320601891,"Frederiksberg, Danmark",Jens Erik Jensen,https://pbs.twimg.com/profile_images/1107741689408618498/jDovvAZd_normal.png,"{'followers_count': 515, 'following_count': 939, 'listed_count': 3, 'tweet_count': 15431}",Jensen2405,
2014-03-04T05:53:22.000Z,ã‚¢ãƒ«ãƒã‚¤ã‚¿ãƒ¼ã«é€²åŒ–ã—ã¾ã—ãŸã€‚â˜¸ï¸ğŸ‡¯ğŸ‡µ,"{'url': {'urls': [{'display_url': 'linktr.ee/kzktch', 'end': 23, 'expanded_url': 'https://linktr.ee/kzktch', 'start': 0, 'url': 'https://t.co/EhyAJxaJua'}]}}",2371453056,åŸ¼ç‰ å‚æˆ¸å¸‚,å°å´å¤ªä¸€ KOZAKI Taichi,https://pbs.twimg.com/profile_images/1506132345438769152/cxKrEV_3_normal.jpg,"{'followers_count': 157, 'following_count': 169, 'listed_count': 4, 'tweet_count': 37614}",kzktch,
2013-05-20T01:52:53.000Z,"I'm a staunch conservative, a believer in Austrian Economists. I ğŸ˜Trump! I I'm a Christian who studies Bible Eschatology and dearly Love my family and Friends!",,1442588970,,Lori Morton ğŸŠğŸ‡ºğŸ‡¸âœï¸,https://pbs.twimg.com/profile_images/1226586062262325250/s1ZxHKFJ_normal.jpg,"{'followers_count': 1987, 'following_count': 4289, 'listed_count': 12, 'tweet_count': 40646}",ButifldrmLori,
2013-07-08T16:43:24.000Z,Membro da AssociaÃ§Ã£o dos Observadores do Saci e postulante dispensÃ¡vel do Instituto de Altos Estudios de PatafÃ­sica de UBuenos Aires.,"{'url': {'urls': [{'display_url': 'entrancodeviceversa.blogspot.com.br', 'end': 23, 'expanded_url': 'http://entrancodeviceversa.blogspot.com.br/', 'start': 0, 'url': 'https://t.co/9i2Fy5icY2'}]}}",1578098006,Pindorama,Nivaldo TM,https://pbs.twimg.com/profile_images/378800000452506396/2290475346b79edcece4ae169001bc08_normal.jpeg,"{'followers_count': 21122, 'following_count': 18527, 'listed_count': 134, 'tweet_count': 596380}",AdsumP,
2018-03-21T22:12:21.000Z,,,976582308114325504,,Martha Rollins,https://abs.twimg.com/sticky/default_profile_images/default_profile_normal.png,"{'followers_count': 7, 'following_count': 40, 'listed_count': 0, 'tweet_count': 1870}",MarthaRollins18,
2010-06-24T22:10:50.000Z,,,159255502,,Half Texan,https://pbs.twimg.com/profile_images/1480660001178161152/GwCXreal_normal.jpg,"{'followers_count': 4, 'following_count': 131, 'listed_count': 0, 'tweet_count': 293}",nugie22,
2011-08-15T04:11:08.000Z,Tlamatini (pensador  Nuestroamericano),,355299869,Valley of Oz,Juan Donosti,https://pbs.twimg.com/profile_images/846483913383919620/qDHkeAql_normal.jpg,"{'followers_count': 1087, 'following_count': 1712, 'listed_count': 0, 'tweet_count': 20893}",Juandonosti2012,
2010-07-27T12:33:37.000Z,"Periodista, editor, curador de contenidos. Asesor de comunicaciÃ³n en empresas, medios de prensa, radio, TV e internet.",,171472715,,Jorge GarcÃ­a Alberti,https://pbs.twimg.com/profile_images/2764368438/81881bcf3525341b8465dbe7b5a6d1d9_normal.jpeg,"{'followers_count': 217, 'following_count': 206, 'listed_count': 9, 'tweet_count': 32667}",otroperfil,
2012-06-21T03:29:26.000Z,"#OhioGreenPartyğŸŒ»
#Vote3rdParty   #FreeAssange  #BDS","{'description': {'hashtags': [{'end': 15, 'start': 0, 'tag': 'OhioGreenParty'}, {'end': 30, 'start': 17, 'tag': 'Vote3rdParty'}, {'end': 45, 'start': 33, 'tag': 'FreeAssange'}, {'end': 51, 'start': 47, 'tag': 'BDS'}]}}",614066028,"Ohio, USA",Debby Manera ğŸŒ»,https://pbs.twimg.com/profile_images/1393981789878751233/d13_rPUy_normal.jpg,"{'followers_count': 3378, 'following_count': 4275, 'listed_count': 10, 'tweet_count': 68437}",DebbyManera,
2017-03-29T15:27:41.000Z,"I HAVE 4 UNIVERSITY DEGREES, BEEN TEACHING MATHEMATICS & ENGLISH FOR 42 YEARS, BEEN AN ATHEIST & COMMUNIST FOR 62 YEARS, BUILT D HOUSE I LIVE IN ENTIRELY MYSELF",,847108003698495489,,FEDERICO MAZANDARANI,https://pbs.twimg.com/profile_images/1328865608612638723/AGYW213d_normal.jpg,"{'followers_count': 2233, 'following_count': 5042, 'listed_count': 1, 'tweet_count': 76868}",federicomazand9,
2019-09-24T10:08:40.000Z,Albanian historian/journalist.,"{'url': {'urls': [{'display_url': 'olsijazexhi.wordpress.com', 'end': 23, 'expanded_url': 'http://olsijazexhi.wordpress.com', 'start': 0, 'url': 'https://t.co/u3pE72zLv9'}]}}",1176438144465612801,Between Balkans & Indochina ,Olsi Jazexhi,https://pbs.twimg.com/profile_images/1486311216159277060/Hb5iYXLz_normal.jpg,"{'followers_count': 2405, 'following_count': 1779, 'listed_count': 11, 'tweet_count': 5746}",OlsiJ,
2019-10-20T21:31:13.000Z,TRUTH,,1186031899950628868,,wantout1234wto,https://pbs.twimg.com/profile_images/1512505643734818820/5s2MSRZ4_normal.jpg,"{'followers_count': 253, 'following_count': 530, 'listed_count': 5, 'tweet_count': 18809}",wantout1234wto,
2011-12-29T17:22:49.000Z,"The economy is in recess, and recess is supposed to be fun, so I thought I'd create a place for some great recession humor.

News:  https://t.co/SMLRY1hnUL","{'description': {'urls': [{'display_url': 'thedailydoom.substack.com', 'end': 155, 'expanded_url': 'http://thedailydoom.substack.com', 'start': 132, 'url': 'https://t.co/SMLRY1hnUL'}]}, 'url': {'urls': [{'display_url': 'thegreatrecession.info', 'end': 23, 'expanded_url': 'https://thegreatrecession.info', 'start': 0, 'url': 'https://t.co/IPO3yI4gcn'}]}}",449926696,,David Haggith,https://pbs.twimg.com/profile_images/1519089487342555141/blXw9L1h_normal.jpg,"{'followers_count': 843, 'following_count': 200, 'listed_count': 23, 'tweet_count': 3167}",EconomicRecess,
2022-01-29T21:46:07.000Z,â¤ï¸ Celebrating the Great Decoupling of Eurasia from the West and cheering on the continuing devolution of the U.S.,,1487542366714089473,,Aubin DIDON,https://pbs.twimg.com/profile_images/1517205750170501120/41yCZXFd_normal.jpg,"{'followers_count': 154, 'following_count': 547, 'listed_count': 2, 'tweet_count': 3091}",AubinDidon,
2021-07-16T00:42:49.000Z,"Low Level Worker at Ministry of Truth
#CensorshipIsFreeSpeech #Comply
I don't follow your Party","{'description': {'hashtags': [{'end': 61, 'start': 38, 'tag': 'CensorshipIsFreeSpeech'}, {'end': 69, 'start': 62, 'tag': 'Comply'}]}}",1415833896390905859,Airstrip One ,Winston Smith (Ministry of Truth),https://pbs.twimg.com/profile_images/1491635886563463169/nQw_IHQA_normal.jpg,"{'followers_count': 575, 'following_count': 1125, 'listed_count': 3, 'tweet_count': 44181}",3540Party,
2014-05-25T00:26:30.000Z,FakeNews supervisor & Denazificator #Z #V #PutinianğŸ’ğŸ˜,"{'description': {'hashtags': [{'end': 38, 'start': 36, 'tag': 'Z'}, {'end': 41, 'start': 39, 'tag': 'V'}, {'end': 51, 'start': 42, 'tag': 'Putinian'}]}, 'url': {'urls': [{'display_url': 'youtu.be/iV4lGX_qELQ', 'end': 23, 'expanded_url': 'https://youtu.be/iV4lGX_qELQ', 'start': 0, 'url': 'https://t.co/pdudAslVQ0'}]}}",2521671494,"Mosca, Russia",FrancoğŸ‡·ğŸ‡ºZğŸ‡ºğŸ‡¦,https://pbs.twimg.com/profile_images/1545144411788558342/ksBlCvAy_normal.jpg,"{'followers_count': 314, 'following_count': 38, 'listed_count': 41, 'tweet_count': 35497}",franco_ss1,
2017-06-07T17:25:23.000Z,,,872504775753052160,,Abdirashid Elmi,https://pbs.twimg.com/profile_images/1259469870007291904/qAH7mANB_normal.jpg,"{'followers_count': 62, 'following_count': 62, 'listed_count': 0, 'tweet_count': 13769}",AbdirashidElmi4,
2020-10-30T21:11:01.000Z,"Notre Dame football ğŸˆ, Indy 500 ğŸ, love Godzilla movies and Blaze TV ğŸ‡ºğŸ‡¸ğŸ—½âš–ï¸Trump 2024 https://t.co/63WWeoSKu6 @dirty3g and fuck JB ğŸ–•ğŸ»Gettr DWB3g Truth @DWB3g","{'description': {'mentions': [{'end': 117, 'start': 109, 'username': 'dirty3g'}, {'end': 156, 'start': 150, 'username': 'DWB3g'}], 'urls': [{'display_url': 'Gab.com', 'end': 108, 'expanded_url': 'http://Gab.com', 'start': 85, 'url': 'https://t.co/63WWeoSKu6'}]}}",1322284835566768133,"Indiana, USA",DWB3g,https://pbs.twimg.com/profile_images/1500257395880116225/37hIk_47_normal.jpg,"{'followers_count': 3758, 'following_count': 4009, 'listed_count': 2, 'tweet_count': 9079}",dirty3g,
2013-09-10T17:42:17.000Z,"Justice campaigner and petitioner to the Scottish Parliament calling for secret society membership declarations for judges, jurors, etc.","{'url': {'urls': [{'display_url': 'tomminogue.com/tom/', 'end': 23, 'expanded_url': 'https://www.tomminogue.com/tom/', 'start': 0, 'url': 'https://t.co/5nGfmlVEby'}]}}",1852055082,"Dunfermline, Fife",Tom Minogue,https://pbs.twimg.com/profile_images/378800000439647889/7c0b7debaaa73b6fedafa3d6d5f95239_normal.jpeg,"{'followers_count': 3353, 'following_count': 3659, 'listed_count': 21, 'tweet_count': 51657}",MinogueTom,
2010-01-07T13:28:10.000Z,ğŸ¤©ğŸ¤©ğŸ¤©ğŸ¤©,,102678232,,LULAJÃ#Ã‰LULA13,https://pbs.twimg.com/profile_images/1549524220761325571/TO3AQ437_normal.jpg,"{'followers_count': 3108, 'following_count': 4144, 'listed_count': 61, 'tweet_count': 434489}",PerukaKatia,
2011-12-21T21:42:27.000Z,"Journalist @IOL
Email: sihle.mavuso@inl.co.za 
Tel: 031 308 2310 
My tweets do not, in any way, mirror the editorial position of my employer.","{'description': {'mentions': [{'end': 15, 'start': 11, 'username': 'IOL'}]}, 'url': {'urls': [{'display_url': 'iol.co.za', 'end': 23, 'expanded_url': 'http://iol.co.za', 'start': 0, 'url': 'https://t.co/YL5dtX5vxS'}]}}",443153513,South Africa ,Sihle Mavuso,https://pbs.twimg.com/profile_images/1562826199243673600/lP2gykku_normal.jpg,"{'followers_count': 29907, 'following_count': 5470, 'listed_count': 46, 'tweet_count': 34713}",ZANewsFlash,
2009-12-01T10:37:52.000Z,I am a music lover.,"{'url': {'urls': [{'display_url': 'myspace.com/dnallen90', 'end': 23, 'expanded_url': 'http://www.myspace.com/dnallen90', 'start': 0, 'url': 'https://t.co/uHbswU4WwI'}]}}",93834203,Inverloch Victorial Australia,Darren Allen,https://pbs.twimg.com/profile_images/805346517380759553/Plapsrr__normal.jpg,"{'followers_count': 2177, 'following_count': 3128, 'listed_count': 55, 'tweet_count': 57823}",dnallen91,
2009-07-01T00:18:11.000Z,W pirsarwarras,,52571677,E,ğŸŒ Sarwar ğŸŒ,https://pbs.twimg.com/profile_images/930769207200972800/DtIJ-1fz_normal.jpg,"{'followers_count': 4447, 'following_count': 1981, 'listed_count': 74, 'tweet_count': 234223}",ferozwala,
2017-12-07T14:00:34.000Z,"Hard left. Fighting optimist. Campaign Mgr, Community organizer. Fred Hampton, not Saul Alinsky. #BLM #AntiFascist #NationalStrike Not looking for dates. No DMs","{'description': {'hashtags': [{'end': 101, 'start': 97, 'tag': 'BLM'}, {'end': 114, 'start': 102, 'tag': 'AntiFascist'}, {'end': 130, 'start': 115, 'tag': 'NationalStrike'}]}}",938770209489354752,"Massachusetts, USA",Jenny Kastner,https://pbs.twimg.com/profile_images/1437576625835610119/dxoOb3LN_normal.jpg,"{'followers_count': 3260, 'following_count': 4956, 'listed_count': 6, 'tweet_count': 46088}",JennyKastner,
2010-09-02T20:59:54.000Z,,,186203175,,Mudiame Giwa-Osagie,https://pbs.twimg.com/profile_images/463700884300386305/6paWVyrN_normal.png,"{'followers_count': 57, 'following_count': 75, 'listed_count': 2, 'tweet_count': 5345}",MGiwa_Osagie,
2011-02-13T19:49:33.000Z,"Full time husband, follows world news, science, China, politics, and foreign affairs. ğŸ…‰",,251754573,Olympus Mons,Get Informed,https://pbs.twimg.com/profile_images/613925104892841984/0N5wCPJD_normal.jpg,"{'followers_count': 2359, 'following_count': 2115, 'listed_count': 51, 'tweet_count': 105612}",Irate_Minority,
2013-02-12T20:44:11.000Z,"ğŸ‡·ğŸ‡º ÑĞ»Ğ°Ğ²Ğ° Ñ€Ğ¾ÑÑĞ¸Ñ ğŸ‡¿
ğŸ´ Revisionismo objetivo con fuentes rigurosas ğŸ´
Ricart, miembro de una trama 
 ğŸ¦ 6 Degrees of Fort Ricart + Dossiers â© https://t.co/cGSBa4mi6c âª","{'description': {'urls': [{'display_url': 'bit.ly/2YilvEo', 'end': 160, 'expanded_url': 'http://bit.ly/2YilvEo', 'start': 137, 'url': 'https://t.co/cGSBa4mi6c'}]}, 'url': {'urls': [{'display_url': 'crimendealcasser.wordpress.com', 'end': 23, 'expanded_url': 'http://crimendealcasser.wordpress.com', 'start': 0, 'url': 'https://t.co/SQnIUoVEsn'}]}}",1173038870,"ğŸ•ï¸ FORT RICART, Alboraig ğŸŒ³","ğŸ´ McDH ğŸ‘â€ğŸ—¨Crimen de AlcÃ sser, Caso AbiertoğŸ‘â€ğŸ—¨",https://pbs.twimg.com/profile_images/1542180259335913472/SbRUJnKF_normal.jpg,"{'followers_count': 1929, 'following_count': 1773, 'listed_count': 11, 'tweet_count': 53186}",McDH_Alcasser,
2022-03-21T18:47:24.000Z,"Latin Rite Catholic: 
not all retweets are endorsements.
https://t.co/Fk46SoVjkV
Straight White Male. (BULLSHIT DETECTOR)... Pray for Israel!","{'description': {'urls': [{'display_url': 'youtu.be/ynnjGKwVTjg', 'end': 80, 'expanded_url': 'https://youtu.be/ynnjGKwVTjg', 'start': 57, 'url': 'https://t.co/Fk46SoVjkV'}]}}",1505979262490361868,,Xzeros,https://pbs.twimg.com/profile_images/1536420035996135429/7feaYmqZ_normal.jpg,"{'followers_count': 349, 'following_count': 2790, 'listed_count': 3, 'tweet_count': 1336}",Alexand48140526,
2021-09-30T05:53:09.000Z,"â€œIf you want to find the secrets of the universe, think in terms of energy, frequency and vibration.â€ -- Nikola Tesla",,1443453469101223940,PLANETğŸŒEARTHğŸ¦€ğŸªğŸ¦˜ğŸŒ–ğŸ¨,VIDOVDAN 1389 ğŸ‡·ğŸ‡¸ğŸ‡·ğŸ‡ºğŸ‡¦ğŸ‡º,https://pbs.twimg.com/profile_images/1443454765111808001/zWCMbQQa_normal.jpg,"{'followers_count': 884, 'following_count': 5001, 'listed_count': 2, 'tweet_count': 21789}",Trupale83,
2019-01-08T16:54:50.000Z,"age but not beauty; muscles but no strength; sans everything. 
pro Corbyn, left wing for donkeys years. Don't have any MSM here. Morn Star.",,1082682049402687489,"Folkestone, England",Major Steadman Snr #BlackLivesMatter #BDSğŸ’™ğŸ’™,https://pbs.twimg.com/profile_images/1440354586494062597/ACc_R890_normal.jpg,"{'followers_count': 2859, 'following_count': 4329, 'listed_count': 7, 'tweet_count': 29062}",SnrMajor,
2021-11-17T21:30:37.000Z,Im European Gentleman living in  California for 40 years,,1461084306080559108,,Janko,https://pbs.twimg.com/profile_images/1461085034509574146/XRNvdRat_normal.jpg,"{'followers_count': 97, 'following_count': 40, 'listed_count': 0, 'tweet_count': 1500}",Janko61892976,
2014-04-06T08:38:22.000Z,,,2430139982,,Roland,https://abs.twimg.com/sticky/default_profile_images/default_profile_normal.png,"{'followers_count': 231, 'following_count': 803, 'listed_count': 2, 'tweet_count': 93348}",Roland59201632,
2020-10-11T21:00:14.000Z,"Bible reader Catholic traditional Widower Raiders Arapaho Grandpa Rosary Scapular Mass, Motley Crue Bon scott Angus Phil, Dr.J cook outs football At the park!!",,1315396678556549122,,Hotch,https://pbs.twimg.com/profile_images/1315397390791139328/-rN60nYJ_normal.jpg,"{'followers_count': 22, 'following_count': 29, 'listed_count': 0, 'tweet_count': 2352}",Hotch89100626,
2009-08-11T06:12:45.000Z,"Freedom over censorship, truth over narrative. On air in 100+ countries. Donâ€™t want your news filtered - find us at https://t.co/cOLF9KBzlq","{'description': {'urls': [{'display_url': 't.me/RT_India_officâ€¦', 'end': 139, 'expanded_url': 'https://t.me/RT_India_official', 'start': 116, 'url': 'https://t.co/cOLF9KBzlq'}]}, 'url': {'urls': [{'display_url': 'RT.com', 'end': 23, 'expanded_url': 'http://RT.com', 'start': 0, 'url': 'https://t.co/gtHSJ8UkLb'}]}}",64643056,,RT,https://pbs.twimg.com/profile_images/1018833905082871808/F7RZerA1_normal.jpg,"{'followers_count': 3087851, 'following_count': 678, 'listed_count': 21540, 'tweet_count': 425412}",RT_com,"{'country_codes': ['AT', 'BE', 'BG', 'CY', 'CZ', 'DE', 'DK', 'EE', 'ES', 'FI', 'FR', 'GB', 'GR', 'HR', 'HU', 'IE', 'IT', 'LT', 'LU', 'LV', 'MT', 'NL', 'PL', 'PT', 'RO', 'SE', 'SI', 'SK']}"
2014-05-21T07:09:02.000Z,vegan for the animals â“‹,,2511805574,,jack o'malley,https://pbs.twimg.com/profile_images/1085038632925163520/eiv489Jk_normal.jpg,"{'followers_count': 1917, 'following_count': 4976, 'listed_count': 25, 'tweet_count': 170095}",1foolon1hill,
2017-06-12T07:34:26.000Z,"è¦šé†’ã«ã¯ï¼’ã¤ã®ãƒãƒ¼ãƒ‰ãƒ«ã€â‘ ç‹‚äººä¸–ç•Œã®ä¸­ã§æ„šæ°‘åŒ–ã•ã‚Œä½•ã‚’ã•ã‚Œã¦ãã¦ã€ã“ã‚Œã‹ã‚‰ä½•ã‚’ã•ã‚Œã‚ˆã†ã¨ã—ã¦ã„ã‚‹ã‹ã‚’çŸ¥ã‚‹ã“ã¨ã€â‘¡ãã†ã¨çŸ¥ã‚ŠãªãŒã‚‰ã‚‚ãƒã‚¸ãƒ†ã‚£ãƒ–ã§ç”Ÿãã€è‡ªåˆ†ã‚’æ„›ã—ä»–äººã‚’æ„›ã—ã€è‡ªåˆ†è»¸ã‚’ç¢ºç«‹ã™ã‚‹ã“ã¨ã§ã™ã€‚
ãªã‚‹ã¹ãå¤šãã®äººãŒåŠ©ã‹ã‚‹ãŸã‚ã«ã€æš«ã—æ°—ä»˜ã‹ã›ã®æ™‚é–“ãŒç¶šãã¾ã™ãŒï¼ˆï¼“å¹´ï¼Ÿï¼‰ã€è§£ã£ã¦ã‚‹ä»²é–“åŒå£«ã€æ‰‹ã‚’å–ã‚Šåˆã£ã¦é€²ã¿ã¾ã—ã‚‡ã†ï¼",,874167996448620544,,ãƒãƒ å¤ªéƒ,https://pbs.twimg.com/profile_images/1381784208801062916/GRo-xuMQ_normal.jpg,"{'followers_count': 567, 'following_count': 94, 'listed_count': 5, 'tweet_count': 1959}",t93_m02404691,
2010-04-27T08:50:14.000Z,MUGENã§ã®ã£ãã‚Šå¥³ä½“åŒ–ãªã†ã€‚æœ€è¿‘ã¯æ¥Šæˆ©å¤‰æ…‹åŒ–çµ¶å¯¾è¨±ã•ã‚“ãƒãƒ³ã€‚å¤‰æ…‹æ‰±ã„ãƒãƒ³ã¯åŸºæœ¬ãƒ–ãƒ­ãƒƒã‚¯ã—ã¦ã¾ã™ã€‚ãŠäº’ã„ã®ãŸã‚ã ã‹ã‚‰ã—ã‚‡ã†ãŒãªã„ã­ã€‚è‹¦æƒ…ã¯ã“ã¡ã‚‰â†’https://t.co/amo6t1V4L8 https://t.co/SeMrxksACT,"{'description': {'urls': [{'display_url': 'privatter.net/u/panda8800', 'end': 97, 'expanded_url': 'http://privatter.net/u/panda8800', 'start': 74, 'url': 'https://t.co/amo6t1V4L8'}, {'display_url': 'twpf.jp/panda8800', 'end': 121, 'expanded_url': 'http://twpf.jp/panda8800', 'start': 98, 'url': 'https://t.co/SeMrxksACT'}]}}",137633736,mugenå‹•ç‰©åœ’,å¤§ç†ŠçŒ«,https://pbs.twimg.com/profile_images/1163095063477383176/iK1ljQeF_normal.png,"{'followers_count': 470, 'following_count': 266, 'listed_count': 24, 'tweet_count': 41608}",panda8800,
2014-10-09T17:22:36.000Z,We are primarily a news organization but we also indulge in preparation of many forms. Join us on YT. https://t.co/laXSXouoWwâ€¦,"{'description': {'urls': [{'display_url': 'youtube.com/channel/UCxI8s', 'end': 125, 'expanded_url': 'http://youtube.com/channel/UCxI8s', 'start': 102, 'url': 'https://t.co/laXSXouoWw'}]}, 'url': {'urls': [{'display_url': 'thewatchmannews.com', 'end': 23, 'expanded_url': 'http://www.thewatchmannews.com', 'start': 0, 'url': 'https://t.co/6OkOUpQh7L'}]}}",2820027419,"Illinois, USA",The Watchman,https://pbs.twimg.com/profile_images/966355841392627712/rLFmuVYC_normal.jpg,"{'followers_count': 222, 'following_count': 89, 'listed_count': 7, 'tweet_count': 60342}",TheWatchmanNews,
2015-05-14T21:13:02.000Z,,,3254737979,,Wolney Conde,https://pbs.twimg.com/profile_images/740348768269303808/vQo8zqsK_normal.jpg,"{'followers_count': 132, 'following_count': 291, 'listed_count': 2, 'tweet_count': 8324}",wolneyconde,
2012-07-01T05:04:59.000Z,"""The TRUTH can not be SILENCED!""",,623431990,,safic,https://abs.twimg.com/sticky/default_profile_images/default_profile_normal.png,"{'followers_count': 7, 'following_count': 2, 'listed_count': 0, 'tweet_count': 15926}",safic_alexander,
2021-03-04T01:16:32.000Z,,,1367282644782878721,,Doc,https://pbs.twimg.com/profile_images/1379191782043488257/i3jkJFOZ_normal.jpg,"{'followers_count': 1, 'following_count': 7, 'listed_count': 0, 'tweet_count': 384}",Doc59896783,
2011-02-11T04:52:03.000Z,"Oppose USA the country, Return all the land in ""America"" to the Natives, Uphold Lord Dunmore as a revolutionary, SupportğŸ‡·ğŸ‡ºğŸ‡¨ğŸ‡³ğŸ‡®ğŸ‡·ğŸ‡¹ğŸ‡·ğŸ‡¯ğŸ‡µğŸ‡°ğŸ‡®ğŸ‡°ğŸ‡µğŸ‡§ğŸ‡¾ğŸ‡µğŸ‡°ğŸ‡µğŸ‡¸","{'url': {'urls': [{'display_url': 'novascotia.ca/museum/blackloâ€¦', 'end': 23, 'expanded_url': 'https://novascotia.ca/museum/blackloyalists/who.htm', 'start': 0, 'url': 'https://t.co/bYPNOdKrVV'}]}}",250477961,"Montana,Occupied Turtle Island","Deng, Dunmore, Donbass,and doing away with the USA",https://pbs.twimg.com/profile_images/1557955144284790784/mExq4RlG_normal.jpg,"{'followers_count': 1992, 'following_count': 5002, 'listed_count': 20, 'tweet_count': 80105}",DengistKahmpism,
2014-04-11T14:29:03.000Z,"MÃ©decin qui se repose et profite de la vie.
J'aime rigoler
Je ne rÃ©ponds pas aux DM non dÃ©sirÃ©s
Je bloque trolls, CC & brouteurs.",,2438599950,"Suva, Fidji",ğ˜—ğ˜ªğ˜³ğ˜°ğ˜¶ğ˜¦ğ˜µğ˜µğ˜¦ ğ˜Šğ˜¢ğ˜¤ğ˜¢ğ˜©ğ˜¶ğ˜¦Ì€ğ˜µğ˜¦,https://pbs.twimg.com/profile_images/1114917137301299200/KaoETw_S_normal.png,"{'followers_count': 1975, 'following_count': 2423, 'listed_count': 3, 'tweet_count': 18971}",DocCacahuete,
2017-01-08T01:07:14.000Z,,,817900434492768257,,zivko ilijeski,https://pbs.twimg.com/profile_images/1510479225702481920/pK-xRZwI_normal.jpg,"{'followers_count': 858, 'following_count': 924, 'listed_count': 1, 'tweet_count': 49167}",zivkoili,
2021-02-01T17:37:35.000Z,"libertarian/Ancap, twitter is a PsyOp Rothbardian enemy of state, guns, against the next war, Ron Paul, Austrian econ, trust JesusğŸ³ï¸â€âš§ï¸ alt @rachelocles","{'description': {'mentions': [{'end': 152, 'start': 140, 'username': 'rachelocles'}]}}",1356295552556822529,nacho mommas house ,Rachel ğŸŒ¸,https://pbs.twimg.com/profile_images/1356296702613979136/tdx96CSA_normal.jpg,"{'followers_count': 3933, 'following_count': 4432, 'listed_count': 15, 'tweet_count': 75909}",Russtophocles1,
2009-04-18T09:31:25.000Z,"Anti-Zionist Italophile, living in CT, South Africa, main hobby: ancient Rome","{'url': {'urls': [{'display_url': 'â€¦abusgayguidetoancientrome.pbworks.com/w/page/1761455â€¦', 'end': 22, 'expanded_url': 'http://heliogalabusgayguidetoancientrome.pbworks.com/w/page/17614556/FrontPage', 'start': 0, 'url': 'http://t.co/zG1zOUf5Qm'}]}}",32841180,Cape Town,Peter Mayson,https://pbs.twimg.com/profile_images/472808884692738048/7wQnYvmH_normal.jpeg,"{'followers_count': 2909, 'following_count': 4235, 'listed_count': 115, 'tweet_count': 66542}",theforeverman,
2021-01-28T06:32:48.000Z,"American-Duopoly Abolition Movement.  Break up ""the two party system for it will destroy this Republic"" George Washington.
It is creating division in America.","{'url': {'urls': [{'display_url': 'nitna.ddns.net', 'end': 23, 'expanded_url': 'http://nitna.ddns.net', 'start': 0, 'url': 'https://t.co/Jmsc57KIYK'}]}}",1354677973929046016,2000 MULE$ gave US  O'bidEn,A.D.A.M.2022 -- Break Up DC's-Duopoly US-INC of DC,https://pbs.twimg.com/profile_images/1536520866112020480/B5m_OWm6_normal.jpg,"{'followers_count': 62, 'following_count': 57, 'listed_count': 0, 'tweet_count': 8745}",ADAM20228,
2020-07-04T00:46:16.000Z,,,1279214834035290112,,John,https://pbs.twimg.com/profile_images/1472228661583482883/-2HtDgH2_normal.jpg,"{'followers_count': 226, 'following_count': 1049, 'listed_count': 1, 'tweet_count': 59300}",John33451024,
2018-08-14T03:37:50.000Z,Ø®ÙˆØ§Ø³ØªØ§Ø± Ø¢Ø²Ø§Ø¯ÛŒ Ùˆ Ø±ÙØ§Ù‡ Ù…Ø±Ø¯Ù… Ú©Ø´ÙˆØ±Ù…Ù…ØŒ Ø§ÛŒÙ† Ø®ÙˆØ§Ø³ØªÙ‡ Ø¨Ù‡ Ø¬Ø² Ø§Ø² Ø·Ø±ÛŒÙ‚ Ø¨Ø±Ø§Ù†Ø¯Ø§Ø²ÛŒ Ù…Ø­Ù‚Ù‚ Ù†Ù…ÛŒØ´Ù‡. Ø¨Ù‡ Ø¬Ø² Ù…Ø¬Ø§Ù‡Ø¯ØŒ ØªØ¬Ø²ÛŒÙ‡ Ø·Ù„Ø¨ Ùˆ Ø·Ø±ÙØ¯Ø§Ø± Ø±Ú˜ÛŒÙ… Ù‡Ø± Ú©Ø³ ÙØ§Ù„Ùˆ Ú©Ù†Ù‡ Ø¨Ú© Ù…ÛŒØ¯Ù…-Ø§Ú©Ø§Ù†Øª Ø¯ÙˆÙ…:@amb2756,"{'description': {'mentions': [{'end': 158, 'start': 150, 'username': 'amb2756'}]}}",1029210461684867072,,Ø¢Ø¨Ø¯ÙˆØº Ø®ÛŒØ§Ø±,https://pbs.twimg.com/profile_images/1531338265608994816/iOByI4CO_normal.jpg,"{'followers_count': 2708, 'following_count': 1791, 'listed_count': 0, 'tweet_count': 5385}",infintymind,
2017-05-18T13:23:11.000Z,TRUMP ONLY Supporter; follow back only U are 2; let me see MAGA/Q no guessing. Not ğŸ‘€4 a beau & NO:PARODY/ STUPID PPL/ ADS/ TRAINS/LISTS/TROLLS/PORN/CNN=âŒ,,865196064638476289,USA,Sadie Redd,https://pbs.twimg.com/profile_images/1033141481945608193/1Kg9TylT_normal.jpg,"{'followers_count': 1509, 'following_count': 1525, 'listed_count': 3, 'tweet_count': 52480}",trthseeker549,
2021-02-20T20:43:50.000Z,,,1363227576081125377,,joewight,https://pbs.twimg.com/profile_images/1462972217784868870/NvtqC3c-_normal.jpg,"{'followers_count': 29, 'following_count': 89, 'listed_count': 0, 'tweet_count': 4973}",joewight5,
2020-08-08T09:03:34.000Z,,,1292023582281863168,Somewhere ,Mike,https://pbs.twimg.com/profile_images/1292544918418849797/SbLatCgn_normal.jpg,"{'followers_count': 76, 'following_count': 258, 'listed_count': 0, 'tweet_count': 1319}",Lanning15Mike,
2011-08-08T22:29:29.000Z,Defending animals from abuse and exploitation. Stop the Islamisation of Britain. Proud Englishman and Brexiteer. GMNews,,351188274,UK,Mr Grumpy.,https://pbs.twimg.com/profile_images/626746603777470464/lRvAI_NG_normal.jpg,"{'followers_count': 2262, 'following_count': 2605, 'listed_count': 18, 'tweet_count': 156999}",PCisfinished,
2020-12-10T12:21:02.000Z,Unapologetic Pan Africanist. #IFireBack. My page is a Safe Space for Only Black people. All Things Black. #BlackUnity #BlackLoveâ¤ï¸,"{'description': {'hashtags': [{'end': 39, 'start': 29, 'tag': 'IFireBack'}, {'end': 117, 'start': 106, 'tag': 'BlackUnity'}, {'end': 128, 'start': 118, 'tag': 'BlackLove'}]}}",1337009275932176388,CuraÃ§ao,Anchored In Xtra Blackness ğŸ´First Generation.ğŸ’¯,https://pbs.twimg.com/profile_images/1432066919117557770/RBKToaPM_normal.jpg,"{'followers_count': 871, 'following_count': 896, 'listed_count': 8, 'tweet_count': 41100}",BlacknessinXtra,
2015-12-08T19:04:08.000Z,æœ¬å½“ã®ã“ã¨ä»¥å¤–ä¸€åˆ‡è¦ã‚‰ãªã„ã€‚ä»Šã®ä¸–ç•Œã‚’æš´ã„ã¦è¡Œãã€‚,,4499638813,,ãã¬ã“ã¡,https://pbs.twimg.com/profile_images/1487721060644823040/4aIpyrgv_normal.jpg,"{'followers_count': 1466, 'following_count': 1478, 'listed_count': 8, 'tweet_count': 15292}",fokkun1,
2021-01-19T17:41:35.000Z,Cuenta oficial del Centro de Investigaciones de AstronomÃ­a (CIDA). MÃ©rida. Venezuela.,,1351585521374474243,MÃ©rida,Centro de Investigaciones de AstronomÃ­a (CIDA),https://pbs.twimg.com/profile_images/1351588512387227648/kRkD-Z2S_normal.jpg,"{'followers_count': 2164, 'following_count': 4789, 'listed_count': 7, 'tweet_count': 15622}",centro_cida,
2022-03-03T02:35:33.000Z,"Canadian patriot. I support PPC & stand with Maxime Bernier. No DM's, I will not respond.",,1499211739510054913,Canistan,ğ€ğ§ğ ğ®ğ¬ğŒğğ¦ğğ¬ ğŸ‡¨ğŸ‡¦ ğŸ‡ºğŸ‡² ğŸ‡·ğŸ‡º,https://pbs.twimg.com/profile_images/1566219697607086080/fT61sJGp_normal.jpg,"{'followers_count': 780, 'following_count': 859, 'listed_count': 1, 'tweet_count': 6098}",AngusMemes4,
2010-09-10T10:51:11.000Z,"ğ”¸ğ•“ğ•£ğ•’ğ•™ğ•’ğ• ğ•ğ•’ğ•ğ•–ğ•¤ ğ•ğ•¨ğ•š ğ•‹ğ•š ~ğ‘·ğ’Šğ’ğ’ğ’•,
ğ’”ğ’‘ğ’‚ğ’„ğ’† ğ’†ğ’ğ’•ğ’‰ğ’–ğ’”ğ’Šğ’‚ğ’”ğ’•, ğ’Šğ’ğ’•ğ’†ğ’ğ’ğ’†ğ’„ğ’•ğ’–ğ’‚ğ’, ğ’‚ğ’”ğ’‘ğ’Šğ’“ğ’Šğ’ğ’ˆ ğ’”ğ’•ğ’‚ğ’•ğ’†ğ’”ğ’ğ’‚ğ’, ğ‘¨ğ’„ğ’†âœï¸âœï¸â€ â€ â€ ",,189090002,"Jos, NigeriağŸ‡³ğŸ‡¬",ğ“ğ¡ğ ğˆğ§ğ­ğğ«ğœğğ©ğ­ğ¨ğ« ~,https://pbs.twimg.com/profile_images/1395406922862497792/FmjvdWdi_normal.jpg,"{'followers_count': 1814, 'following_count': 3808, 'listed_count': 1, 'tweet_count': 10021}",AbrahamJamesVwi,
2009-03-27T19:29:21.000Z,"anti war, LGBT, anti pipeline",,27076961,"Kingston, Ontario",Aspie for peace!,https://pbs.twimg.com/profile_images/1457187584518639626/Zt5htyPz_normal.jpg,"{'followers_count': 4745, 'following_count': 4820, 'listed_count': 15, 'tweet_count': 238086}",timmins316,
2022-02-05T13:25:09.000Z,,,1489953149913812996,,Dejan M,https://abs.twimg.com/sticky/default_profile_images/default_profile_normal.png,"{'followers_count': 132, 'following_count': 301, 'listed_count': 0, 'tweet_count': 3549}",DejanM79042868,
2011-09-22T12:58:34.000Z,"Ornery, curious, ridiculously naive and grouchy about what experience I do have or acquire. He looks like he did not believe his mom about getting wet.","{'url': {'urls': [{'display_url': 'myspace.com/Ghornaas', 'end': 22, 'expanded_url': 'http://www.myspace.com/Ghornaas', 'start': 0, 'url': 'http://t.co/Ar2cpfwhn6'}]}}",377980441,"Earth, Northern Hemisphere",Shahab Rowshan,https://pbs.twimg.com/profile_images/1554596708/Ghornaas1_normal.jpg,"{'followers_count': 1452, 'following_count': 2186, 'listed_count': 2, 'tweet_count': 37891}",Ghornaas,
2018-11-08T18:51:16.000Z,"Socialist for: NHS, Climate protection, renewable energy, #FreeAssange and against wars, poverty, inequality, racism, factory farming + animal experimentation.","{'description': {'hashtags': [{'end': 70, 'start': 58, 'tag': 'FreeAssange'}]}}",1060605689024929792,,#SupportPalestine #BDS #Yemen #Kashmir #Assange,https://pbs.twimg.com/profile_images/1567258260067033089/8D8_j73f_normal.jpg,"{'followers_count': 12226, 'following_count': 13187, 'listed_count': 48, 'tweet_count': 794303}",ChristineJameis,
2020-08-26T17:16:15.000Z,"Dijo JesÃºs: Â«Si no ayunÃ¡is del mundo, no encontrarÃ©is el Reino; si no hacÃ©is del Shabbath {si no guardÃ¡is el Shabbath} (como un) Shabbath, no verÃ©is al Padre.Â»","{'url': {'urls': [{'display_url': 'noticiasqnn.blogspot.com/2021/02/ensenaâ€¦', 'end': 23, 'expanded_url': 'https://noticiasqnn.blogspot.com/2021/02/ensenanzas-de-christna.html', 'start': 0, 'url': 'https://t.co/lu1Sabh8Rn'}]}}",1298670572688355329,,Hispania_ ğŸŠ,https://pbs.twimg.com/profile_images/1358770692372783104/P5qTq9JI_normal.jpg,"{'followers_count': 86, 'following_count': 858, 'listed_count': 0, 'tweet_count': 13685}",Nueva_Hispania,
2009-08-22T07:23:48.000Z,"This World Needs The Prince Of Peace !!
Nibiru is here! Planet X","{'url': {'urls': [{'display_url': 'm.youtube.com/channel/UCjVEOâ€¦', 'end': 23, 'expanded_url': 'https://m.youtube.com/channel/UCjVEOVnrvE34cwgrut7rAsg', 'start': 0, 'url': 'https://t.co/DpYCOXgGLl'}]}}",67839403,"Florida, USA",Shondah Gibson aka MoxieLadyğŸ•Šï¸ğŸ’—ğŸ™,https://pbs.twimg.com/profile_images/1567160489938935812/VBQ6V_5Q_normal.jpg,"{'followers_count': 334, 'following_count': 521, 'listed_count': 0, 'tweet_count': 13953}",Moxie2go,
2013-06-06T11:11:51.000Z,"""Quando a ditadura Ã© um fato, a revoluÃ§Äo Ã© um dever""",,1487514031,,ĞœĞµndes,https://pbs.twimg.com/profile_images/1420425364979990528/rEYPHtpN_normal.jpg,"{'followers_count': 14952, 'following_count': 1423, 'listed_count': 40, 'tweet_count': 473019}",MendesOnca,
2014-09-25T20:28:03.000Z,Louisa M Sedin,,2832266053,at face book,loumubarak@gmail,https://pbs.twimg.com/profile_images/1551379628769419264/UvgSRP8m_normal.jpg,"{'followers_count': 148, 'following_count': 504, 'listed_count': 0, 'tweet_count': 10422}",LouSedin,
2020-05-21T12:05:42.000Z,Keen follower of football,,1263440648813916165,,John Knock,https://abs.twimg.com/sticky/default_profile_images/default_profile_normal.png,"{'followers_count': 116, 'following_count': 354, 'listed_count': 0, 'tweet_count': 9494}",JohnKnock1,
2016-11-01T09:01:46.000Z,"Writer & translator, former college lecturer.  Wife Valerie German born in Volhynia. https://t.co/bGMWm6iSZd Website: https://t.co/QXas5lJrv6","{'description': {'urls': [{'display_url': 'vk.com/w.norris', 'end': 108, 'expanded_url': 'http://vk.com/w.norris', 'start': 85, 'url': 'https://t.co/bGMWm6iSZd'}, {'display_url': 'contratyrannos.co.uk', 'end': 141, 'expanded_url': 'https://contratyrannos.co.uk/', 'start': 118, 'url': 'https://t.co/QXas5lJrv6'}]}}",793377481982181376,"Staffordshire, England",D. William Norris - Contra Tyrannos,https://pbs.twimg.com/profile_images/868563229265584130/QRvkplrd_normal.jpg,"{'followers_count': 9345, 'following_count': 10227, 'listed_count': 32, 'tweet_count': 108854}",dwilliam9940,
2020-09-19T21:26:53.000Z,"Free Palestine - friend of Muslims - BLM -
zionist terrorism is the worst cancer of the world -

IF you DM me to ask for money you will be blocked!
I have none!",,1307430940466188288,Gaza - Palestine,Clark McDonnelly - I support a Free Palestine!,https://pbs.twimg.com/profile_images/1308139831596388354/rOjo0c6M_normal.jpg,"{'followers_count': 216, 'following_count': 423, 'listed_count': 4, 'tweet_count': 9669}",CMcdonnelly,
2021-01-19T12:36:00.000Z,honesty,,1351507939501158401,,WGJ,https://abs.twimg.com/sticky/default_profile_images/default_profile_normal.png,"{'followers_count': 7, 'following_count': 203, 'listed_count': 0, 'tweet_count': 5765}",WGJ46203298,
2020-12-03T23:16:13.000Z,,,1334637543686606848,,Misty,https://abs.twimg.com/sticky/default_profile_images/default_profile_normal.png,"{'followers_count': 1, 'following_count': 1, 'listed_count': 0, 'tweet_count': 546}",Misty45018831,
2020-04-16T22:15:56.000Z,"Self-reliant organic gardener. 
Dedicated to a better world. 
Doing the right thing one day at the time. 
#Solidarity #FoodJustice #Permaculture #Bitcoin","{'description': {'hashtags': [{'end': 117, 'start': 106, 'tag': 'Solidarity'}, {'end': 130, 'start': 118, 'tag': 'FoodJustice'}, {'end': 144, 'start': 131, 'tag': 'Permaculture'}, {'end': 153, 'start': 145, 'tag': 'Bitcoin'}]}}",1250910781719404550,"Willamette Valley, OR",ğŸŒ â˜­ ğŸ´â€â˜ ï¸ Crypto HarvesterğŸŒ¹â˜®â“‹ğŸŒ±- {ğŸš«DMs},https://pbs.twimg.com/profile_images/1430682881152618500/3Fzs1MJz_normal.jpg,"{'followers_count': 1414, 'following_count': 1822, 'listed_count': 2, 'tweet_count': 39939}",HarvesterCrypto,
2010-10-10T12:06:20.000Z,,,200838452,,Jonathan Knight,https://abs.twimg.com/sticky/default_profile_images/default_profile_normal.png,"{'followers_count': 843, 'following_count': 4959, 'listed_count': 98, 'tweet_count': 1287523}",jondknight,
2022-02-12T10:14:30.000Z,ONE LOVE ğŸ™,,1492441873495040001,"Milton Keynes, England",Robert B Adejayan,https://pbs.twimg.com/profile_images/1492457405292195841/2w8fNPHU_normal.jpg,"{'followers_count': 12, 'following_count': 239, 'listed_count': 0, 'tweet_count': 664}",robert_adejayan,
2021-12-30T08:30:16.000Z,Starting over after getting nuked (again),,1476470595554783232,Japan,rov gruman,https://pbs.twimg.com/profile_images/1490693541651427330/GN93Pl44_normal.jpg,"{'followers_count': 413, 'following_count': 806, 'listed_count': 1, 'tweet_count': 1151}",GrumanRov,
2017-02-03T14:58:11.000Z,"Resist GOP nazis & Resist Far Right Israel pushing us into double Ukraine-Iran War w/ horrific falseflag to set it off, diverting us again from enviro crisis",,827531635121848327,,RESIST GOP Guns Coups & RESIST Mindless New Wars,https://pbs.twimg.com/profile_images/949189461992247296/bQ5CsTca_normal.jpg,"{'followers_count': 4227, 'following_count': 3688, 'listed_count': 23, 'tweet_count': 49191}",AlBiRumi,
2009-06-04T19:16:38.000Z,"Director, Route Stawk Films P. Ltd.
Directed Bangla Crescent, Gujarat Miracle, Evidence: Meat Kills, Death Warrant. 

Admirer of Dr BR AMBEDKAR ji.","{'url': {'urls': [{'display_url': 'MeatKills.in', 'end': 23, 'expanded_url': 'http://MeatKills.in', 'start': 0, 'url': 'https://t.co/8nJeGfmgGF'}]}}",44693532,"New Delhi, India",Mayank Jain,https://pbs.twimg.com/profile_images/1564581649215811587/aYriGfzV_normal.jpg,"{'followers_count': 14844, 'following_count': 6942, 'listed_count': 78, 'tweet_count': 83766}",mayankjain100,
2022-01-17T17:01:32.000Z,,,1483122128119554056,,Gilberto I Reyes,https://pbs.twimg.com/profile_images/1487110229032636421/j27B23p2_normal.jpg,"{'followers_count': 5, 'following_count': 60, 'listed_count': 0, 'tweet_count': 2050}",GilbertoIReyes1,
2009-05-06T00:48:16.000Z,Bubbly personality,"{'url': {'urls': [{'display_url': 'cp4ab0lishm3nt.wordpress.com', 'end': 22, 'expanded_url': 'http://cp4ab0lishm3nt.wordpress.com', 'start': 0, 'url': 'http://t.co/AlMV95CxOD'}]}}",38069308,Malaysia,Dominic W. S. Chan,https://pbs.twimg.com/profile_images/1250940530/wecanlive_normal.jpg,"{'followers_count': 33, 'following_count': 10, 'listed_count': 3, 'tweet_count': 7164}",cp4abOlishm3nt,
2021-07-28T18:58:32.000Z,Here to wield the lasso of truth. God first. therealtoriabrooke on IG. therealtoriabrooke on TRUTH,"{'url': {'urls': [{'display_url': 't.me/THEREALTORIABRâ€¦', 'end': 23, 'expanded_url': 'https://t.me/THEREALTORIABROOKE', 'start': 0, 'url': 'https://t.co/nskvf5rpCG'}]}}",1420458337116770308,,The Real Toria Brooke,https://pbs.twimg.com/profile_images/1521827980695191553/PBFXxILS_normal.jpg,"{'followers_count': 10387, 'following_count': 301, 'listed_count': 36, 'tweet_count': 17652}",realtoriabrooke,
2009-12-20T22:11:40.000Z,"'As long as people believe absurdities, they will continue to commit atrocities.'

Opinions my own (rt = intriguing) â NSFW

Ã¦Â¢Ã¸Â¢ÏƒĞ¼â˜­ â†¯â†¯â†¯ Â«ğŸ–Â»Â«âš•ï¸Â»Â«â‚¿â›“ğŸ“ˆÂ»Â«ğŸ€ğŸ˜¼Â»",,98215866,"Sweet Home, OR",â‚¿.Î”. LÃ¥â€ hÃ¥áƒ¦ ãƒ„,https://pbs.twimg.com/profile_images/1014014473504296960/_IvI6aVu_normal.jpg,"{'followers_count': 1964, 'following_count': 751, 'listed_count': 108, 'tweet_count': 30681}",bal00n3,
2020-09-24T01:07:53.000Z,MA/ BA history- @collective_ham FOR BREAKING NEWS / Substack coming soon,"{'description': {'mentions': [{'end': 31, 'start': 16, 'username': 'collective_ham'}]}}",1308936076724117506,planet we prefer not to name.,Gribble Reports,https://pbs.twimg.com/profile_images/1561007798187462656/m9N_8RR1_normal.jpg,"{'followers_count': 2151, 'following_count': 4996, 'listed_count': 25, 'tweet_count': 64979}",DrLeoMarvin5,
2022-01-19T10:19:39.000Z,"I'm just a regular guy, who grew up on the southside of Chicago. I am also a person, who believes a person's word should be their bond. Hard to find today...",,1483745856306221062,"Killeen, Texas",Ed Morris,https://pbs.twimg.com/profile_images/1516416664216260608/B6H6CUDf_normal.jpg,"{'followers_count': 11, 'following_count': 40, 'listed_count': 6, 'tweet_count': 2192}",edmorris1957,
2019-09-18T02:56:57.000Z,"â€œMen are more ready to repay an injury than a benefit, because gratitude is a burden and revenge a pleasureâ€ â€• Tacitus",,1174155233582145537,The Andromeda nebula,InvalidParodox19,https://pbs.twimg.com/profile_images/1174155753373892609/vd4qdDEK_normal.png,"{'followers_count': 115, 'following_count': 293, 'listed_count': 1, 'tweet_count': 30508}",parodox19,
2013-11-14T20:51:11.000Z,"Employed PES , former Gulf Oil, Chevron, Sunoco employee ğŸ‘ğŸ‘ğŸ‘",,2181166359,"Philadelphia, PA",Thomas G Lutek,https://pbs.twimg.com/profile_images/768958468724183040/APpaVI1l_normal.jpg,"{'followers_count': 18, 'following_count': 150, 'listed_count': 0, 'tweet_count': 1769}",LutekT,
2009-03-21T21:51:44.000Z,"Analyst of Inequality, Injustice & #Marketocracy. Working for a Safe & Just Transition to #Geocratia, only possible through #Degrowth + Steady-State economics","{'description': {'hashtags': [{'end': 48, 'start': 35, 'tag': 'Marketocracy'}, {'end': 100, 'start': 90, 'tag': 'Geocratia'}, {'end': 133, 'start': 124, 'tag': 'Degrowth'}]}, 'url': {'urls': [{'display_url': 'jussemper.org', 'end': 23, 'expanded_url': 'https://jussemper.org/', 'start': 0, 'url': 'https://t.co/62XSL0WpJY'}]}}",25734532,CDMX-California,Ãlvaro J. de Regil,https://pbs.twimg.com/profile_images/1471909745866928129/9JK-e-t7_normal.jpg,"{'followers_count': 3694, 'following_count': 2087, 'listed_count': 30, 'tweet_count': 124826}",cantabro,
2019-01-13T15:22:19.000Z,,,1084470704890880000,"London, England",Tony,https://abs.twimg.com/sticky/default_profile_images/default_profile_normal.png,"{'followers_count': 221, 'following_count': 38, 'listed_count': 6, 'tweet_count': 56363}",Tony95396125,
2012-07-12T20:20:26.000Z,"Seeker of the truth, lover of the arts, music and  architecture. Earth Warrior. #Yogi, #GTTO #Vegan #YNWA
#MyMindMyChoice #KBF #PureBlood","{'description': {'hashtags': [{'end': 85, 'start': 80, 'tag': 'Yogi'}, {'end': 92, 'start': 87, 'tag': 'GTTO'}, {'end': 99, 'start': 93, 'tag': 'Vegan'}, {'end': 105, 'start': 100, 'tag': 'YNWA'}, {'end': 121, 'start': 106, 'tag': 'MyMindMyChoice'}, {'end': 126, 'start': 122, 'tag': 'KBF'}, {'end': 137, 'start': 127, 'tag': 'PureBlood'}]}}",634017287,UK ,Martin â“‹ LFC ğŸ‡·ğŸ‡ºâ˜®,https://pbs.twimg.com/profile_images/1567161117771763714/9br2_kwl_normal.jpg,"{'followers_count': 9049, 'following_count': 7844, 'listed_count': 15, 'tweet_count': 69423}",kershaw_martin,
2019-10-30T08:51:37.000Z,"What's on offer today, is not an option...",,1189464397313388544,,Saint-Alary pascal,https://pbs.twimg.com/profile_images/1189465632057843712/RrYi-d-F_normal.jpg,"{'followers_count': 0, 'following_count': 0, 'listed_count': 0, 'tweet_count': 53}",AlarySaint,
2009-07-21T08:54:58.000Z,"9/11 Controlled Demolition inside op, per irrefutable scientific evidence. https://t.co/M9N5o1R3mS, https://t.co/YvoTxPjuXW @newsroll
Connecting people with smiles","{'description': {'mentions': [{'end': 133, 'start': 124, 'username': 'newsroll'}], 'urls': [{'display_url': 'ae911truth.org', 'end': 98, 'expanded_url': 'http://ae911truth.org', 'start': 75, 'url': 'https://t.co/M9N5o1R3mS'}, {'display_url': 'krunchd.com/911', 'end': 123, 'expanded_url': 'http://krunchd.com/911', 'start': 100, 'url': 'https://t.co/YvoTxPjuXW'}]}, 'url': {'urls': [{'display_url': '911investigate.blogspot.com/p/911truth.html', 'end': 23, 'expanded_url': 'http://911investigate.blogspot.com/p/911truth.html', 'start': 0, 'url': 'https://t.co/G64njlb1jJ'}]}}",58746872,"California, Usa",911news,https://pbs.twimg.com/profile_images/1282791383573712896/6F9gqnCM_normal.jpg,"{'followers_count': 6040, 'following_count': 236, 'listed_count': 161, 'tweet_count': 101667}",911news,
2008-05-10T23:31:46.000Z,Author/Rehab Nation. Reporter/ LA Weekly. Ed/National Lampoon mag. WGA screenwriter. Prod/HBO. Ed/MTV mag. Ed/Weekly World News. Cohost/America's Untold Stories,"{'url': {'urls': [{'display_url': 'youtube.com/channel/UCfLxnâ€¦', 'end': 23, 'expanded_url': 'https://www.youtube.com/channel/UCfLxnPpYTfr9pJd0F3ZGOIA', 'start': 0, 'url': 'https://t.co/HHmV1Ehq9q'}]}}",14728999,"Hollywood, CA.",Mark G,https://pbs.twimg.com/profile_images/1542904470643691526/YIw2pm6W_normal.jpg,"{'followers_count': 3205, 'following_count': 1002, 'listed_count': 16, 'tweet_count': 16530}",lordbuckly,
2014-11-22T03:56:51.000Z,"èª‡ã‚Šé«˜ãæ—¥æœ¬ã‚’å–ã‚Šæˆ»ã™ 
æ˜­å’Œå¤©çš‡ã‚’å°Šæ•¬ã™ã‚‹æ˜­å’Œç”Ÿã¾ã‚Œã€‚æ•…ã«ã€ç¥å·æ¢å¾© æœæ•µæ’ƒæ»…ãŒä¿¡æ¡ã€‚ 
ç¥–çˆ¶æ¯ã€ä¸¡è¦ªã‹ã‚‰ã€æ—¥æœ¬äººã¯è³ªç´ å€¹ç´„ã€è‡ªå·±è²¬ä»»ã€è‡ªåŠ©åŠªåŠ›ã‚’å©ãã“ã¾ã‚Œã‚‹ã€‚ 
æ„›å›½è€…ã‚†ãˆã€åã‚°ãƒ­ãƒ¼ãƒãƒªã‚ºãƒ ã‚’æ”¯æŒã€ã‚ˆã£ã¦ã€ãƒˆãƒ©ãƒ³ãƒ—å¤§çµ±é ˜ã‚’å¿œæ´ã€‚ åŸçˆ†ã‚’è½ã¨ã—ãŸç±³å›½æ°‘ä¸»å…šã‚’æ±ºã—ã¦å¿˜ã‚Œãªã„ã€‚ å­ä¾›é ƒã«é£¼ã£ã¦ã„ãŸç§‹ç”°çŠ¬ãŒä»Šã‚‚å¤§å¥½ãã§ã™ã€‚",,2906641981,OSAKA JAPAN,Aï½atsu77,https://pbs.twimg.com/profile_images/1353163688023232515/_lzdEEIc_normal.jpg,"{'followers_count': 939, 'following_count': 914, 'listed_count': 9, 'tweet_count': 22901}",amatsuda7,
2009-02-25T23:14:52.000Z,"9/11 News and related + Following the downfall of the mainstream press. Aimed at a critical unbiased audience. Not all info is an endorsement.
THE TIME IS NOWâ€¼ï¸","{'url': {'urls': [{'display_url': 'waarheid911.com', 'end': 22, 'expanded_url': 'http://waarheid911.com', 'start': 0, 'url': 'http://t.co/FBVLhznJQa'}]}}",21934431,"Amsterdam, The Netherlands",Frank Ho,https://pbs.twimg.com/profile_images/198575293/PerfectWorld_normal.jpg,"{'followers_count': 4223, 'following_count': 297, 'listed_count': 146, 'tweet_count': 55011}",W911,
2011-09-07T13:56:20.000Z,"the other side of the western narrative, antiwar but not a pacifist, geopolitics, human rights, no human rights warriors for empire allowed  ğŸ’¡","{'url': {'urls': [{'display_url': 'piazzadcara.wordpress.com', 'end': 23, 'expanded_url': 'https://piazzadcara.wordpress.com/', 'start': 0, 'url': 'https://t.co/Uj5WT4EuL7'}]}}",369514045,Truthistan ,carina malatesta,https://pbs.twimg.com/profile_images/689088538579759105/phal7j_g_normal.jpg,"{'followers_count': 1398, 'following_count': 1771, 'listed_count': 46, 'tweet_count': 105466}",MalatestaCarina,
2022-03-17T11:59:13.000Z,,,1504427048709726208,,Michael Meredith,https://pbs.twimg.com/profile_images/1504427130133700612/VxpwSCYS_normal.jpg,"{'followers_count': 0, 'following_count': 12, 'listed_count': 0, 'tweet_count': 296}",Michael36982341,
2015-02-10T19:05:47.000Z,"Purged from science for asking questions (aka doing science).
Father of the term #VaziPass","{'description': {'hashtags': [{'end': 90, 'start': 81, 'tag': 'VaziPass'}]}, 'url': {'urls': [{'display_url': 'alex-trickster.weebly.com', 'end': 23, 'expanded_url': 'https://alex-trickster.weebly.com', 'start': 0, 'url': 'https://t.co/cQBOexUW5I'}]}}",3016741856,Toronto,Alexâœ­SelkinğŸ‡©ğŸ‡¯,https://pbs.twimg.com/profile_images/1566762420848263169/pnVPD7D__normal.png,"{'followers_count': 262, 'following_count': 473, 'listed_count': 3, 'tweet_count': 82674}",_is_a_trickster,
2019-12-31T04:59:52.000Z,Covered Talk about my own Stories and Experiences and Thoughts. P.S. Retweets are not endorsements,,1211874526331453440,,Charlei C.Y.C.,https://pbs.twimg.com/profile_images/1211877397898809344/rbxRB6vI_normal.jpg,"{'followers_count': 0, 'following_count': 32, 'listed_count': 1, 'tweet_count': 3775}",C_PrairialQuail,
2012-11-04T17:52:42.000Z,,,925818967,USA,Renaissans_21st,https://pbs.twimg.com/profile_images/851873250619539456/HWecqEIP_normal.jpg,"{'followers_count': 341, 'following_count': 1847, 'listed_count': 5, 'tweet_count': 13707}",Terri_Mooney07,
2016-03-03T00:15:30.000Z,"Retired and still busy.  My comments are my views, unless I'm quoting someone else in which case they are theirs and mine.",,705184789238837249,,Ian Cooke,https://pbs.twimg.com/profile_images/1506016264887713793/b3XD1Fpn_normal.jpg,"{'followers_count': 116, 'following_count': 144, 'listed_count': 4, 'tweet_count': 2481}",iancooke_uk,
2012-09-19T18:51:23.000Z,,,833930173,,Joe Kelly,https://pbs.twimg.com/profile_images/1527736210621349894/4MRLZSOh_normal.jpg,"{'followers_count': 206, 'following_count': 460, 'listed_count': 2, 'tweet_count': 48946}",joekellyca,
2017-06-28T20:18:03.000Z,,,880158374712623104,,ET,https://abs.twimg.com/sticky/default_profile_images/default_profile_normal.png,"{'followers_count': 11, 'following_count': 18, 'listed_count': 0, 'tweet_count': 3396}",ET69ET69ET69,
2014-11-01T21:58:28.000Z,"GETTR: Christian ARRAY the 4th@hojoundo

There is NO left wing or right. Party politics is your enslavement.

Stop the WEF and the lying politicians.",,2855730904,There abouts.....,Christian Arway ğŸ‡³ğŸ‡± ğŸ‡³ğŸ‡± ğŸ‡³ğŸ‡± ğŸšœ,https://pbs.twimg.com/profile_images/1484529804854669327/1eIDyQs8_normal.jpg,"{'followers_count': 4413, 'following_count': 4451, 'listed_count': 3, 'tweet_count': 76594}",hojoundo,
2021-11-15T01:56:16.000Z,Governor of New-France for King; Gouverneur Nouvelle France pour Le Roy; Je vous rÃ©pondrai par mes canons; No reply other than from my cannons;OfficerVetğŸ…#MAGA,"{'description': {'hashtags': [{'end': 159, 'start': 154, 'tag': 'MAGA'}]}}",1460063607601995776,Nouvelle France;New France,Louis De Frontenac,https://pbs.twimg.com/profile_images/1460065282978889742/Y5GzZOUT_normal.jpg,"{'followers_count': 1463, 'following_count': 1783, 'listed_count': 1, 'tweet_count': 37208}",Louis_De_Buade,
2016-10-11T01:41:52.000Z,,,785656631518306304,Canada,JUDY DEOL,https://pbs.twimg.com/profile_images/791336055282606080/n2psfzEz_normal.jpg,"{'followers_count': 34, 'following_count': 64, 'listed_count': 0, 'tweet_count': 4879}",JudyDeol,
2021-02-12T17:54:25.000Z,GOD LOVING TRUSTING FEARING AMERICAN #GENX! STAND YOUR GROUND! DON'T BACK DOWN! NEVER GIVE REASON TO APOLOGIZE FOR YOUR BELIEFS! #FJB,"{'description': {'hashtags': [{'end': 42, 'start': 37, 'tag': 'GENX'}, {'end': 133, 'start': 129, 'tag': 'FJB'}]}}",1360286093564903425,"Nunya Biz, USA",YOMAMA,https://pbs.twimg.com/profile_images/1374015077330923520/8ogYJKiw_normal.jpg,"{'followers_count': 84, 'following_count': 756, 'listed_count': 0, 'tweet_count': 3727}",70sMusicAddict,
2009-04-12T19:11:06.000Z,CEO. HALKAR AI Economy. Ahead of the S-Curve. Imagination makes us Infinite. Article Tweets not Opinion always,"{'url': {'urls': [{'display_url': 'halkar.com', 'end': 23, 'expanded_url': 'http://www.halkar.com', 'start': 0, 'url': 'https://t.co/2o41zvHwxt'}]}}",30701862,Thinkstan,Shehzad Younis,https://pbs.twimg.com/profile_images/656874485224747008/4z0h4wQy_normal.jpg,"{'followers_count': 939, 'following_count': 190, 'listed_count': 12, 'tweet_count': 521709}",shehzadyounis,
2014-08-04T12:55:57.000Z,,,2706491976,,Dipak Gyawali,https://pbs.twimg.com/profile_images/997447147577458690/7ybk1GjG_normal.jpg,"{'followers_count': 9093, 'following_count': 553, 'listed_count': 13, 'tweet_count': 18675}",dipak_gyawali,
2009-07-27T01:05:39.000Z,email: Catrita27@icloud.com,"{'url': {'urls': [{'display_url': 'catsouvenir.lnwshop.com', 'end': 23, 'expanded_url': 'http://catsouvenir.lnwshop.com', 'start': 0, 'url': 'https://t.co/GpLzRIcFA1'}]}}",60444865,Thailand,Ğ Ğ°Ñ‚Ñ‚Ğ°Ğ½Ğ° Ğ–ĞµĞ½Ğ³ ĞœĞ°Ñ€Ğ°Ğ¹Â®,https://pbs.twimg.com/profile_images/876265123068862465/qye0iNaJ_normal.jpg,"{'followers_count': 797, 'following_count': 38, 'listed_count': 28, 'tweet_count': 175381}",KittyOwner_Club,
2010-11-18T20:21:06.000Z,"Journalist - Chief Editor - Press Media Group (PMG) of America.
Reporter of News - Views - Ideas.
Author of Presidential System.
Human Rights Justice Advocate.","{'url': {'urls': [{'display_url': 'press.org', 'end': 23, 'expanded_url': 'https://www.press.org', 'start': 0, 'url': 'https://t.co/pmZCnS5E9z'}]}}",217181855,"Washington DC, USA",Media Journalist,https://pbs.twimg.com/profile_images/1403416488501985288/FEK29S3d_normal.jpg,"{'followers_count': 447, 'following_count': 167, 'listed_count': 8, 'tweet_count': 10211}",PressMediaUSA,
2012-11-18T00:52:11.000Z,"Geopolitics & Geostrategy. Multipolar World. Consulting, Activism, Projects and More: ğŸ“© Contact me in twitter or ymurnikov@vk.com",,954583338, All the World ğŸŒ,Yuri Mkv Z,https://pbs.twimg.com/profile_images/1549513559507456007/RyY-906U_normal.jpg,"{'followers_count': 556, 'following_count': 151, 'listed_count': 14, 'tweet_count': 8852}",ymnkv,
2020-10-28T18:06:23.000Z,,,1321513535441113088,,Lychee46ğŸ—ï¸è”æ46,https://pbs.twimg.com/profile_images/1321514590384128000/j7jlvlG9_normal.jpg,"{'followers_count': 103, 'following_count': 697, 'listed_count': 0, 'tweet_count': 17287}",Lychee461,
2022-02-03T20:57:36.000Z,@trutbetold12's account is temporarily unavailable because it violates the Twitter Media Policy. Learn more.,"{'description': {'urls': [{'display_url': 'Learn more', 'end': 107, 'expanded_url': 'https://support.twitter.com/articles/20169199', 'start': 97, 'url': 'https://support.twitter.com/articles/20169199'}]}}",1489342109052284935,,,,"{'followers_count': 1, 'following_count': 3, 'listed_count': 0, 'tweet_count': 1887}",trutbetold12,
2017-02-07T04:04:09.000Z,A retired army colonel. Graduate of Malaysian Armed Forces Staff College and the National Defense university of Malaysia in Strategic and Defense Studies.,,828816593576566784,Sri Lanka,Chancellorâ€™s foot,https://pbs.twimg.com/profile_images/835153879801028608/MU9mawY__normal.jpg,"{'followers_count': 423, 'following_count': 996, 'listed_count': 0, 'tweet_count': 4742}",ZubairA41183151,
2010-10-06T18:33:09.000Z,Figured out what was going on. Became political to try to make change. My grand daughter is my world and my family comes first.,,199381100,North Bay,Shannon Unger,https://pbs.twimg.com/profile_images/1138813682/Shan_Biz_Pic_2008-_web_pic_normal.jpg,"{'followers_count': 1781, 'following_count': 1939, 'listed_count': 22, 'tweet_count': 6214}",ShannonUnger,
2012-03-15T02:35:53.000Z,"from:  Westmount, Quebec Canada
schools:
Universite'deMontrÃ©al MontrÃ©al Quebec 

occupation:Microbiology 
Molecular Genetics",,524956178,"MontrÃ©al, QuÃ©bec",Tracy Nadeau,https://pbs.twimg.com/profile_images/1455755267774156801/aTW--3rZ_normal.jpg,"{'followers_count': 3588, 'following_count': 835, 'listed_count': 123, 'tweet_count': 75611}",wagepeace,
2020-08-11T15:47:11.000Z,71 year old bicycle rider. Left wing advocate. Revolutionary Economcs. Advocating long term goal of eliminating money from our economy. Many varied interests,"{'url': {'urls': [{'display_url': 'fredwilliams.ca', 'end': 23, 'expanded_url': 'http://www.fredwilliams.ca/', 'start': 0, 'url': 'https://t.co/PnXRBmmBCB'}]}}",1293211757364772864,"Nova Scotia, Canada",Fred Williams,https://pbs.twimg.com/profile_images/1505928514821926916/buE5oigQ_normal.jpg,"{'followers_count': 2459, 'following_count': 4990, 'listed_count': 4, 'tweet_count': 19671}",FredWil32806656,
2009-12-16T17:19:45.000Z,"A grosso modo, o que Ã© fascismo? O fascismo catalisa todos Ã³dios, racial/gÃªnero/misoginia/classe/xenofobia/etc. E da a todos os Ã³dios a direÃ§Ã£o do escravagismo!","{'url': {'urls': [{'display_url': 'radioproletario.com', 'end': 23, 'expanded_url': 'https://radioproletario.com/', 'start': 0, 'url': 'https://t.co/lb3lg2Uz0o'}]}}",97250580,Brasil,RÃ¡dio ProletÃ¡rio,https://pbs.twimg.com/profile_images/1557668169350774784/FmMuDCiy_normal.jpg,"{'followers_count': 12305, 'following_count': 8515, 'listed_count': 75, 'tweet_count': 268903}",RadioProletrio,
2010-01-03T03:40:25.000Z,,"{'url': {'urls': [{'display_url': 'retroshare.readthedocs.io/en/latest/', 'end': 23, 'expanded_url': 'http://retroshare.readthedocs.io/en/latest/', 'start': 0, 'url': 'https://t.co/3LmblyvbKb'}]}}",101386226,"West Coast, USA",A. Smith,https://pbs.twimg.com/profile_images/1332188940/Illuminati_normal.jpg,"{'followers_count': 4392, 'following_count': 5001, 'listed_count': 195, 'tweet_count': 282660}",360CNN,
2018-04-12T10:21:01.000Z,"Grandfather, father, retired, love the wilderness and outdoors. Believe in God, liberty, and pursuit of happiness...minimal federal government... Independent",,984375832230719488,"Sugar Land, TX",ğŸ‡ºğŸ‡¸2022=ğŸ‡©ğŸ‡ª1933 Liberty 6% ğŸ’,https://pbs.twimg.com/profile_images/1002513453502869504/O5angKPI_normal.jpg,"{'followers_count': 765, 'following_count': 110, 'listed_count': 15, 'tweet_count': 98980}",tap_gary,
2009-03-28T00:30:37.000Z,"Director: MCAFEE MIND-POWER Pty Ltd MA; Postgrad Dip Psych (Hons); Postgrad Dip Art (Hons); Grad Dip Ed (Dux, Hons), AMAPS",,27138454,New South Wales,Take5! Promoting organisational wellbeing.,https://pbs.twimg.com/profile_images/1112934933721341952/Y_k8Qcxq_normal.png,"{'followers_count': 5582, 'following_count': 5061, 'listed_count': 53, 'tweet_count': 242764}",BlackDouglas,
2018-11-01T18:39:25.000Z,,,1058065991308058624,,sinahabari,https://abs.twimg.com/sticky/default_profile_images/default_profile_normal.png,"{'followers_count': 42, 'following_count': 184, 'listed_count': 0, 'tweet_count': 3576}",sinahabari1,
2020-07-31T16:07:46.000Z,"#PritzkerOutNow
#AshleyBabbittJan6
#StandUp
#FightBack","{'description': {'hashtags': [{'end': 15, 'start': 0, 'tag': 'PritzkerOutNow'}, {'end': 34, 'start': 16, 'tag': 'AshleyBabbittJan6'}, {'end': 43, 'start': 35, 'tag': 'StandUp'}, {'end': 54, 'start': 44, 'tag': 'FightBack'}]}}",1289231218177867777,,WallFlower,https://pbs.twimg.com/profile_images/1289236128944578560/EJhbuY0s_normal.jpg,"{'followers_count': 140, 'following_count': 140, 'listed_count': 0, 'tweet_count': 18623}",KarenWalKarenW1,
2017-02-15T06:04:23.000Z,,,831745955099734018,,Chia Hak Thye,https://pbs.twimg.com/profile_images/1530790310288101377/vO04fUTg_normal.jpg,"{'followers_count': 10, 'following_count': 22, 'listed_count': 0, 'tweet_count': 2616}",HakThye,
2013-05-29T03:30:50.000Z,"I write about the Muslim Brotherhood in America, Islam and Islamic propaganda. Author of: An American Woman Living in Egypt: Life during an Islamic takeover","{'url': {'urls': [{'display_url': 'cheriberens.net', 'end': 23, 'expanded_url': 'http://www.cheriberens.net', 'start': 0, 'url': 'https://t.co/OT3BqqpD8s'}]}}",1466313421,"Cairo, Egypt",Cheri Berens,https://pbs.twimg.com/profile_images/1097603080974151680/z-IVHKqK_normal.png,"{'followers_count': 658, 'following_count': 98, 'listed_count': 17, 'tweet_count': 21544}",Cheri_Berens,
2010-01-15T11:39:18.000Z,Architect,,105111646,variable,Sir Eldred Godson GCMG,https://pbs.twimg.com/profile_images/882917055426678784/Lp8283DR_normal.jpg,"{'followers_count': 334, 'following_count': 1065, 'listed_count': 1, 'tweet_count': 22112}",007point5,
2021-01-20T13:59:31.000Z,"Order, culture, religion--peace.",,1351892073675423746,,Nemo,https://pbs.twimg.com/profile_images/1516216366801592320/fnLrnAhJ_normal.jpg,"{'followers_count': 3, 'following_count': 31, 'listed_count': 0, 'tweet_count': 1393}",EmblemWest,
2017-03-30T18:49:13.000Z,"Christian Pastor, Patriot, Jewish. Survivor. 

âœ¨âœ¨TELEGRAM channel: {https://t.co/wRiOAOZOisâ€¦} 
YouTube https://t.co/UCqE1ryN7câ€¦

ğŸš«PornğŸš«Kabbala","{'description': {'urls': [{'display_url': 't.me/PastoraCatesCo', 'end': 91, 'expanded_url': 'http://t.me/PastoraCatesCo', 'start': 68, 'url': 'https://t.co/wRiOAOZOis'}, {'display_url': 'youtube.com/c/PastoraCates', 'end': 126, 'expanded_url': 'http://youtube.com/c/PastoraCates', 'start': 103, 'url': 'https://t.co/UCqE1ryN7c'}]}, 'url': {'urls': [{'display_url': 'linktr.ee/PastoraCate', 'end': 23, 'expanded_url': 'https://linktr.ee/PastoraCate', 'start': 0, 'url': 'https://t.co/GzKOKp2QiN'}]}}",847521107531845632,USA,PASTğŸŠRA CATE - WASHED IN THE âš¡PUREBLOODâš¡ï¸!âœğŸ¦…,https://pbs.twimg.com/profile_images/1432455945485836292/qQnv2ZiT_normal.jpg,"{'followers_count': 3862, 'following_count': 3554, 'listed_count': 5, 'tweet_count': 17596}",PastoraCovert,
2019-06-19T16:48:59.000Z,,,1141387409713537024,,Percentage Rites,https://pbs.twimg.com/profile_images/1141389262803181568/ETdq5MVE_normal.jpg,"{'followers_count': 51, 'following_count': 154, 'listed_count': 5, 'tweet_count': 10136}",PercentageRites,
2011-06-19T15:48:15.000Z,"Sports fanatic...Flyers, Eagles...enough said.",,320252434,,sam,https://pbs.twimg.com/profile_images/1476668723150925825/8XA0SZf4_normal.jpg,"{'followers_count': 8107, 'following_count': 7872, 'listed_count': 154, 'tweet_count': 335259}",flyer4life,
2009-10-17T13:56:54.000Z,Als je denkt ik ben verslagen dan is de nederlaag een feit! Als je daarentegen denkt ik zal niet versagen dan win je op den duur de strijdt. ( Jean Ferrat III ),"{'url': {'urls': [{'display_url': 'sciences.sorbonne-universite.fr', 'end': 23, 'expanded_url': 'https://sciences.sorbonne-universite.fr/', 'start': 0, 'url': 'https://t.co/EAiogjO1Ji'}]}}",83137267,"Bordeaux-Saint-Clair, France",Van de Blijegaarde,https://pbs.twimg.com/profile_images/563074431963389952/TFxiNFCp_normal.jpeg,"{'followers_count': 1064, 'following_count': 793, 'listed_count': 2, 'tweet_count': 50510}",vanDerBlije,
2009-04-22T12:55:28.000Z,"Sputnik is a global wire, radio and digital news service. We exist to tell the stories that arenâ€™t being told.
https://t.co/Bm9lf6X7ik
https://t.co/Ni7oltqtHvâ€¦","{'description': {'urls': [{'display_url': 't.me/SputnikInt', 'end': 134, 'expanded_url': 'http://t.me/SputnikInt', 'start': 111, 'url': 'https://t.co/Bm9lf6X7ik'}, {'display_url': 't.me/sputniknewsind', 'end': 158, 'expanded_url': 'http://t.me/sputniknewsind', 'start': 135, 'url': 'https://t.co/Ni7oltqtHv'}]}, 'url': {'urls': [{'display_url': 'sputniknews.com', 'end': 23, 'expanded_url': 'http://sputniknews.com', 'start': 0, 'url': 'https://t.co/FRgvSyusjy'}]}}",34262462,,Sputnik,https://pbs.twimg.com/profile_images/1552651274171977728/xnAaXliR_normal.jpg,"{'followers_count': 356111, 'following_count': 309, 'listed_count': 7094, 'tweet_count': 203106}",SputnikInt,"{'country_codes': ['AT', 'BE', 'BG', 'CY', 'CZ', 'DE', 'DK', 'EE', 'ES', 'FI', 'FR', 'GB', 'GR', 'HR', 'HU', 'IE', 'IT', 'LT', 'LU', 'LV', 'MT', 'NL', 'PL', 'PT', 'RO', 'SE', 'SI', 'SK']}"
2020-10-17T19:31:19.000Z,"Into music, politics, sports, music. ğŸ‡®ğŸ‡ªâ˜˜ï¸ğŸ‡·ğŸ‡º",,1317548653712756741,planet Earth. ,Billy Bonker,https://pbs.twimg.com/profile_images/1366059935671410691/LIaeXZdg_normal.jpg,"{'followers_count': 62, 'following_count': 156, 'listed_count': 1, 'tweet_count': 5089}",BonkerBilly,
2018-07-24T23:58:02.000Z,Life traveller and wanderer. What is there in life to savour when wanderers stop wondering?,,1021907388041900032,"Gaia, our beloved Mother",Jakavanindo,https://pbs.twimg.com/profile_images/1466844220249894912/qUb-KxDq_normal.jpg,"{'followers_count': 837, 'following_count': 1634, 'listed_count': 1, 'tweet_count': 45608}",jakavanindo,
2014-05-07T17:50:10.000Z,ğŸ›‘ ğŸ‡®ğŸ‡¹ â¤ï¸ğŸ‡·ğŸ‡ºğŸ›‘ ğŸ‡ªğŸ‡¸ Political-Tactical-International anti-political terrorism.  Freedom fighter.,,2534181947,"somewhere, everywere ",Nobody,https://pbs.twimg.com/profile_images/1346214106160893953/voXLFI9j_normal.jpg,"{'followers_count': 213, 'following_count': 677, 'listed_count': 20, 'tweet_count': 20725}",iduxking,
2014-08-19T07:24:28.000Z,"Donâ€™t be offended. Itâ€™s Twitter. I get to annoy everyone. So, if I annoy you, itâ€™s nothing personal. Iâ€™m not everyones type, but I am your mums.",,2744205720,"Kabulawa, Nigeria",.,https://pbs.twimg.com/profile_images/1443098649966252034/kau-hhwA_normal.jpg,"{'followers_count': 381, 'following_count': 564, 'listed_count': 3, 'tweet_count': 32980}",grumpyoldkiwi,
2009-03-23T01:21:25.000Z,https://t.co/MLjGELuqFd,"{'description': {'urls': [{'display_url': 'youtu.be/MGxjIBEZvx0', 'end': 23, 'expanded_url': 'https://youtu.be/MGxjIBEZvx0', 'start': 0, 'url': 'https://t.co/MLjGELuqFd'}]}, 'url': {'urls': [{'display_url': 'youtu.be/MGxjIBEZvx0', 'end': 23, 'expanded_url': 'https://youtu.be/MGxjIBEZvx0', 'start': 0, 'url': 'https://t.co/MLjGELuqFd'}]}}",25924647,"Toronto, Ontario",no justice - just us. âŒ›ï¸,https://pbs.twimg.com/profile_images/1474916676684730368/yH-uojS3_normal.jpg,"{'followers_count': 3817, 'following_count': 4131, 'listed_count': 161, 'tweet_count': 1205343}",billm9,
2012-10-24T15:29:55.000Z,Republic/Freedom/Constitution. Conservative.  #MAGA #CriticalThinking #Discernment #FactsMatter #Truth FindMeOnTruthSocial: MiBellaPJ,"{'description': {'hashtags': [{'end': 51, 'start': 46, 'tag': 'MAGA'}, {'end': 69, 'start': 52, 'tag': 'CriticalThinking'}, {'end': 82, 'start': 70, 'tag': 'Discernment'}, {'end': 95, 'start': 83, 'tag': 'FactsMatter'}, {'end': 102, 'start': 96, 'tag': 'Truth'}]}}",902040648,Texas,MiBellaPJ,https://pbs.twimg.com/profile_images/1247558214603898882/3RjnAo2L_normal.jpg,"{'followers_count': 2310, 'following_count': 2639, 'listed_count': 3, 'tweet_count': 36607}",ArtistJohns,
2014-01-23T10:56:48.000Z,,,2306369394,,virof,https://pbs.twimg.com/profile_images/547150949957918720/fS4mFtbu_normal.jpeg,"{'followers_count': 290, 'following_count': 360, 'listed_count': 29, 'tweet_count': 99824}",virof1,
2021-08-10T11:51:45.000Z,,,1425062201661005859,,Sebastjan Drolc,https://pbs.twimg.com/profile_images/1460939347994292226/-nwq4fEZ_normal.jpg,"{'followers_count': 169, 'following_count': 431, 'listed_count': 2, 'tweet_count': 5417}",DrolcSebastjan,
2014-12-11T23:29:59.000Z,work: . canning master in the school of gentle persuasion class flutterboard champion,,2927197410,Outerspace,peter hunt,https://pbs.twimg.com/profile_images/543187517302767617/n8MKdIWc_normal.jpeg,"{'followers_count': 175, 'following_count': 411, 'listed_count': 2, 'tweet_count': 20563}",deagle110,
2016-10-13T00:46:03.000Z,,"{'url': {'urls': [{'display_url': 'factishtruthish.com', 'end': 23, 'expanded_url': 'http://factishtruthish.com', 'start': 0, 'url': 'https://t.co/RBTpchMCAJ'}]}}",786367359296561152,United States,FactishTruthish,https://pbs.twimg.com/profile_images/829651218851061760/lZJqIdy0_normal.jpg,"{'followers_count': 69, 'following_count': 376, 'listed_count': 17, 'tweet_count': 35391}",factishtruthish,
2012-10-07T22:21:30.000Z,Meeting like-minded citizens who'll fight for Clean Chemtrail-Free Blue Skies in the Valley of the Sun and elsewhere.  Posting proof getting us nowhere.  ACTION,"{'url': {'urls': [{'display_url': 'chemtrailsaroundtheworld.wordpress.com/about/', 'end': 23, 'expanded_url': 'http://chemtrailsaroundtheworld.wordpress.com/about/', 'start': 0, 'url': 'https://t.co/HO39ar1SZ1'}]}}",867042174,"Arizona, USA",chemTrailActivist,https://pbs.twimg.com/profile_images/2692312993/aaa9ed68717b54e2db319b92e91fc157_normal.jpeg,"{'followers_count': 2202, 'following_count': 3352, 'listed_count': 77, 'tweet_count': 36820}",chemTrailActivi,
2022-01-18T04:37:16.000Z,"Masters in Education, BA History & Economics,  Bachelor of Education, Specialty Contemporary History of Europe",,1483297234221293568,Canada,Vukasin,https://pbs.twimg.com/profile_images/1483297415314620419/e6zc-hHQ_normal.png,"{'followers_count': 2, 'following_count': 0, 'listed_count': 0, 'tweet_count': 528}",TrklaWalter,
2021-08-05T23:01:40.000Z,WEF NWO Gladio Cold War past and present day is a class war against ordinary people at home and abroad (western & Israeli business class adversaries),"{'url': {'urls': [{'display_url': 'youtube.com/channel/UCcQ97â€¦', 'end': 23, 'expanded_url': 'https://www.youtube.com/channel/UCcQ97AJkDgW-40IpBR_bWTw/videos', 'start': 0, 'url': 'https://t.co/oXC5gVFgRt'}]}}",1423418929435774979,Five Eyes Warzone Headquarters,CaveCrusherReturns,https://pbs.twimg.com/profile_images/1547703586875838465/W3fmVOD9_normal.jpg,"{'followers_count': 159, 'following_count': 23, 'listed_count': 1, 'tweet_count': 18830}",CaveCrusherBack,
2012-02-11T20:28:21.000Z,,,489720515,,Gordon Sellars,https://pbs.twimg.com/profile_images/635987806087544832/Tziwptdd_normal.jpg,"{'followers_count': 31, 'following_count': 47, 'listed_count': 0, 'tweet_count': 5959}",gordos77,
2015-09-14T17:08:19.000Z,"looking through  time ,citizen of the world ,
Quantum Leaper",,3562375579, earth,Tangofoxtrox,https://pbs.twimg.com/profile_images/1089744951821258752/RDKpL6q0_normal.jpg,"{'followers_count': 152, 'following_count': 331, 'listed_count': 4, 'tweet_count': 78628}",hitango666,
2022-01-23T20:36:16.000Z,"Navegador do vazio, instrutor de meditaÃ§Ã£o, qi-kung e tai chi taoista. Aulas online e presencial Telegram/Whatsaap 61 99815-1008","{'url': {'urls': [{'display_url': 'hotmart.com/product/o-segrâ€¦', 'end': 23, 'expanded_url': 'https://hotmart.com/product/o-segredo-dos-imortais', 'start': 0, 'url': 'https://t.co/TWe7bVHMgj'}]}}",1485350654298238978,,zhang-zhem-tao,https://pbs.twimg.com/profile_images/1485352261807132674/XaBQ_BTW_normal.jpg,"{'followers_count': 121, 'following_count': 198, 'listed_count': 1, 'tweet_count': 4579}",Marcelo25450618,
2014-01-25T19:59:18.000Z,"Lover Of Truth, Save All Animals......Military Police Corp 1980, Studied behavior sci, C-PTSD Child Abuse Survivor, W/Evil Narcissistic pathological liar Father",,2310624396,"Lincoln, NE",D Dougie Doug AKA the White Shaka Thomsen,https://pbs.twimg.com/profile_images/1498906654418558978/zpFYFzoP_normal.jpg,"{'followers_count': 1679, 'following_count': 1712, 'listed_count': 10, 'tweet_count': 235194}",iambatmandoug,
2022-01-23T01:44:49.000Z,Western Propaganda Against Other's,,1485065798834331648,"Western Australia, Australia",martin weir,https://pbs.twimg.com/profile_images/1485065954065514497/mtqoBkLL_normal.png,"{'followers_count': 0, 'following_count': 18, 'listed_count': 0, 'tweet_count': 354}",martinweir1960,
2009-10-18T17:59:35.000Z,"""We must build-up national defense on such unshakable foundations that never again shall we lose our freedom""",,83408875,Planet Earth ,Subash Chandra Bose,https://pbs.twimg.com/profile_images/1417063584073490433/M0o5SXwR_normal.jpg,"{'followers_count': 827, 'following_count': 1802, 'listed_count': 67, 'tweet_count': 30187}",inderjeeth,
2013-02-18T19:38:01.000Z,"I am a writer, along the way hoping to bring some understanding of life to others as well as to our relationship with God.",,1194605628,"Oceanside, California",Cassina Tarsia,https://pbs.twimg.com/profile_images/3608452582/304f03fda653ef0fcff7605cdf2f5d97_normal.jpeg,"{'followers_count': 300, 'following_count': 725, 'listed_count': 12, 'tweet_count': 40235}",Cassieslite,
2014-10-27T19:29:02.000Z,"Army Vet, Civil Service, fire arms instructor. Military history Video games n Sci-fi Fan. Reporting on news movies food guns n more. Views r my own.",,2847130953,Culpeper Virginia,Culpeperoutpostnews,https://pbs.twimg.com/profile_images/533299772267196416/vvYemPR8_normal.jpeg,"{'followers_count': 870, 'following_count': 3595, 'listed_count': 11, 'tweet_count': 8430}",culpeperoutpost,
2021-10-03T23:53:50.000Z,,,1444812823410843650,,VTOL Hussar,https://pbs.twimg.com/profile_images/1500750863970701312/oeo17ekX_normal.jpg,"{'followers_count': 385, 'following_count': 1821, 'listed_count': 0, 'tweet_count': 30584}",vtolhussar,
